ラック,面,開始U,終了U,U数,機器名,資産番号,システム,用途,重量kg,電圧V,系統数,回路,電流A,口数,消費電力W,マウントキット,耐震ベルト,備考
E24-S8-1,前面,46,46,1,UTP 12port PatchPnael(前面),,,,,,,,,,,,,
E24-S8-1,前面,39,39,1,Dell S4128T-1,H1902245,,SW,,,,,,,,,,
E24-S8-1,前面,38,38,1,DELLEMC R640-2,H1714831,,Server,9.5,,,,,,,○,,故障のため電源未投入
E24-S8-1,前面,36,36,1,VxRail E560-6,H1806676,AdTech,Server,9.5,100,2,100V 20A （1）,3,2,300,○,,
E24-S8-1,前面,35,35,1,VxRail E560-5,H1806677,AdTech,Server,9.5,100,2,100V 20A （1）,3,2,300,○,,
E24-S8-1,前面,34,34,1,VxRail E560-1,H1806678,AdTech,Server,9.5,100,2,100V 20A （1）,3,2,300,○,,
E24-S8-1,前面,32,32,1,VxRail E560-4,H1809660,AdTech,Server,9.5,100,2,100V 20A （2）,3,2,300,○,,
E24-S8-1,前面,31,31,1,VxRail E560-2,H1809661,AdTech,Server,9.5,100,2,100V 20A （2）,3,2,300,○,,
E24-S8-1,前面,30,30,1,VxRail E560-3,H1809662,AdTech,Server,9.5,100,2,100V 20A （2）,3,2,300,○,,
E24-S8-1,前面,24,24,1,XC660,H2401558,,,,,,,,,,,,
E24-S8-1,前面,22,22,1,XC660,H2401559,,,,,,,,,,,,
E24-S8-1,前面,21,21,1,XC660,H2401560,,,,,,,,,,,,
E24-S8-1,前面,16,17,2,PowerSTORE5000X,H2005294,,Storage,20,200,2,200V 30A （1）,3,2,600,,,
E24-S8-1,前面,13,14,2,Unity XT 480F,H1908439,,Storage,20,100,2,100V 20A （1） / 100V 20A （2）,2 / 2,1 / 1,400,,,
E24-S8-1,前面,11,11,1,Unity XT 480F,H1911730,,,,,,,,,,,,
E24-S8-1,前面,4,5,2,200V Rack PDU,H1918632,,PDU,10,,,,,,,前留,,L6-30R * 1回路×1口
E24-S8-1,前面,1,3,3,使用不可,,,,,,,,,,,,,
E24-S8-1,背面,47,47,1,ｹｰﾌﾞﾙﾏﾈｰｼﾞﾒﾝﾄ（背面）,,,,,,,,,,,,,
E24-S8-1,背面,46,46,1,UTP 12port PatchPnael(背面),,,,,,,,,,,,,
E24-S8-1,背面,39,39,1,Dell S4128T-1,H1902245,AdTech,SW,4.5,100,2,100V 20A （1） / 100V 20A （2）,0.5 / 0.5,1 / 1,100,○,,
E24-S8-1,背面,38,38,1,DELLEMC R640-2,H1714831,,,,,,,,,,,,
E24-S8-1,背面,36,36,1,VxRail E560-6,H1806676,,,,,,,,,,,,
E24-S8-1,背面,35,35,1,VxRail E560-5,H1806677,,,,,,,,,,,,
E24-S8-1,背面,34,34,1,VxRail E560-1,H1806678,,,,,,,,,,,,
E24-S8-1,背面,32,32,1,VxRail E560-4,H1809660,,,,,,,,,,,,
E24-S8-1,背面,31,31,1,VxRail E560-2,H1809661,,,,,,,,,,,,
E24-S8-1,背面,30,30,1,VxRail E560-3,H1809662,,,,,,,,,,,,
E24-S8-1,背面,18,19,2,Huawei CE8860-4C-EI,H1703067,,,,,,,,,,,,
E24-S8-1,背面,16,17,2,PowerSTORE5000X,H2005294,,,,,,,,,,,,
E24-S8-1,背面,13,14,2,Unity XT 480F,H1908439,,,,,,,,,,,,
E24-S8-1,背面,10,10,1,Unity XT 480F,H1911730,,,,,,,,,,,,
E24-S8-1,背面,4,5,2,200V Rack PDU,H1918632,,,,,,,,,,,,
E24-S8-1,背面,1,3,3,使用不可,,,,,,,,,,,,,
E24-S8-2,前面,47,47,1,ｹｰﾌﾞﾙﾏﾈｰｼﾞﾒﾝﾄ,,,,,,,,,,,,,
E24-S8-2,前面,46,46,1,UTP 12port PatchPnael(前面),,,,,,,,,,,,,
E24-S8-2,前面,28,28,1,HPE DX360-2,H1914272,Nutanix,Server,10,200,2,200V 30A （1）,1.5,2,300,○,,
E24-S8-2,前面,27,27,1,HPE DX360-3,H1914273,Nutanix,Server,10,200,2,200V 30A （1）,1.5,2,300,○,,
E24-S8-2,前面,26,26,1,HPE DX360-5,H2008900,Nutanix,Server,10,200,2,200V 30A （1）,1.5,2,300,○,,
E24-S8-2,前面,26,26,1,HPE DX360-4,H2008899,Nutanix,Server,10,200,2,200V 30A （1）,1.5,2,300,○,,
E24-S8-2,前面,24,24,1,HPE DX360-6 ),H2008901,Nutanix,Server,10,200,2,200V 30A （1）,1.5,2,300,○,,
E24-S8-2,前面,22,22,1,Huawei server (?),,,,,,,,,,,,,
E24-S8-2,前面,20,21,2,Huawei switch,H1703067,,,,,,,,,,,,
E24-S8-2,前面,16,16,1,Dell S4148T-4,H2005296,,SW,4.5,100,2,100V 20A （1） / 100V 20A （2）,0.5 / 0.5,1 / 1,100,○,,
E24-S8-2,前面,16,16,1,Dell S4148T-3,H2005295,,SW,4.5,100,2,100V 20A （1） / 100V 20A （2）,0.5 / 0.5,1 / 1,100,○,,
E24-S8-2,前面,13,13,1,R770,H2514995,,,,,,,,,,,,
E24-S8-2,前面,7,8,2,OceanStor Drado 5000 V3(?),,,Storage,,200,1,200V 30A （1）,1.5,2,300,○,,
E24-S8-2,前面,4,5,2,200V Rack PDU,H1918631,,,10,,,,,,,前留,,L6-30R * 1回路×1口
E24-S8-2,前面,1,3,3,使用不可,,,,,,,,,,,,,
E24-S8-2,背面,47,47,1,ｹｰﾌﾞﾙﾏﾈｰｼﾞﾒﾝﾄ（背面）,,,,,,,,,,,,,
E24-S8-2,背面,46,46,1,UTP 12port PatchPnael(背面),,,,,,,,,,,,,
E24-S8-2,背面,29,29,1,HPE DX360-1,H1914271,,,,,,,,,,,,
E24-S8-2,背面,28,28,1,HPE DX360-2,H1914272,,,,,,,,,,,,
E24-S8-2,背面,27,27,1,HPE DX360-3,H19142713,,,,,,,,,,,,
E24-S8-2,背面,26,26,1,HPE DX360-4,H2008899,,,,,,,,,,,,
E24-S8-2,背面,25,25,1,HPE DX360-5,H2008890,,,,,,,,,,,,
E24-S8-2,背面,24,24,1,HPE DX360-6,H2008891,,,,,,,,,,,,
E24-S8-2,背面,20,20,1,Huawei server,H1703061,,,,,,,,,,,,
E24-S8-2,背面,20,20,1,Huawei server (?),,,,,,,,,,,,,
E24-S8-2,背面,16,16,1,Dell S4148T-3,H2005295,,,,,,,,,,,,
E24-S8-2,背面,15,15,1,Dell S4148T-4,H2005296,,,,,,,,,,,,
E24-S8-2,背面,8,8,1,Huawei storage(?),,,,,,,,,,,,,
E24-S8-2,背面,4,5,2,200V Rack PDU,H1918631,,,,,,,,,,,,
E24-S8-2,背面,1,3,3,使用不可,,,,,,,,,,,,,
E24-S8-3,前面,47,47,1,ｹｰﾌﾞﾙﾏﾈｰｼﾞﾒﾝﾄ,,,,,,,,,,,,,
E24-S8-3,前面,46,46,1,UTP 12port PatchPnael(前面),,,,,,,,,,,,,
E24-S8-3,前面,42,42,1,①MX64,H2006989,Meraki,Firewall,1,100,1,100V 20A （1）,0.18,1,18,棚,１本,
E24-S8-3,前面,41,41,1,②MX64,H1916299,Meraki,Firewall,1,100,1,100V 20A （1）,0.18,1,18,棚,１本,
E24-S8-3,前面,41,41,1,⑥MS120,H2006987,Meraki,Firewall,1,100,1,100V 20A （1）,0.18,1,18,棚,１本,
E24-S8-3,前面,40,40,1,③MX64,H1909170,Meraki,Switch,1.3,100,1,100V 20A （2）,0.88,1,88,棚,１本,
E24-S8-3,前面,40,40,1,⑦MS120,H1909173,Meraki,Switch,1.3,100,1,100V 20A （2）,0.88,1,88,棚,１本,
E24-S8-3,前面,40,40,1,棚板,,Meraki,Switch,1.3,100,1,100V 20A （2）,0.88,1,88,棚,１本,
E24-S8-3,前面,39,39,1,④MX64,H1909169,Meraki,Switch,1.3,100,1,100V 20A （2）,0.88,1,88,棚,１本,
E24-S8-3,前面,39,39,1,⑧MS120,H1909172,Meraki,Switch,1.3,100,1,100V 20A （2）,0.88,1,88,棚,１本,
E24-S8-3,前面,38,38,1,⑤MX64,H1909168,Meraki,Switch,1.3,100,1,100V 20A （2）,0.88,1,88,棚,１本,
E24-S8-3,前面,38,38,1,⑨MS120,H1909171,Meraki,Switch,1.3,100,1,100V 20A （2）,0.88,1,88,棚,１本,
E24-S8-3,前面,37,37,1,棚板,,Meraki,Switch,1.3,100,1,100V 20A （2）,0.88,1,88,棚,１本,
E24-S8-3,前面,34,35,2,HuaweiCE8860,H1703068,,,,,,,,,,,,
E24-S8-3,前面,33,33,1,Cisco Catalyst2960S,H1010126,VMWare,SDWAN,1.3,100,1,100V 20A （1）,0.26,1,26,棚,１本,2022/3 追加
E24-S8-3,前面,32,32,1,⑩Edge610,H2115654,VMWare,SDWAN,1.3,100,1,100V 20A （1）,0.3,1,30,棚,１本,2022/3 追加
E24-S8-3,前面,32,32,1,⑬Edge620,H2115657,VMWare,SDWAN,1.3,100,1,100V 20A （1）,0.3,1,30,棚,１本,2022/3 追加
E24-S8-3,前面,31,31,1,⑪Edge610,H2115655,VMWare,SDWAN,1.3,100,1,100V 20A （2）,0.3,1,30,棚,１本,2022/3 追加
E24-S8-3,前面,30,30,1,⑫Edge620,H2115656,,,,,,,,,,,,
E24-S8-3,前面,29,29,1,棚板,,,,,,,,,,,,,
E24-S8-3,前面,25,25,1,DELLEMC R630-1,H1600791,,Server,9.5,100,2,100V 20A （1）,3,2,300,○,,
E24-S8-3,前面,24,24,1,Lj字アングル,,,,,,,,,,,,,
E24-S8-3,前面,23,23,1,Dell S4148F-1,H2110083,,,,,,,,,,前留,,
E24-S8-3,前面,22,22,1,Dell S4148F-2,H2110082,,,,,,,,,,前留,,
E24-S8-3,前面,20,20,1,DELLEMC R640-1,H1714830,,Server,9.5,100,2,100V 20A （1）,3,2,300,○,,
E24-S8-3,前面,18,18,1,DELLEMC R640-3,H1709323,,Server,9.5,100,2,100V 20A （1）,3,2,300,○,,
E24-S8-3,前面,17,17,1,DELLEMC R640-4 S/N:768JCM2,H1714609,,Server,9.5,100,2,100V 20A （2）,3,2,300,○,,
E24-S8-3,前面,16,16,1,DELLEMC R640-5S/N:2LF9WL2,H1709321,,Server,9.5,100,2,100V 20A （1）,3,2,300,○,,10/20 新規搭載予定
E24-S8-3,前面,8,11,4,引き出し①,,,,5,,,,,,,前留,,
E24-S8-3,前面,5,7,3,引き出し②,,,,5,,,,,,,前留,,
E24-S8-3,前面,1,3,3,使用不可,,,,,,,,,,,,,
E24-S8-3,背面,46,46,1,UTP 12port PatchPnael(背面),,,,,,,,,,,,,
E24-S8-3,背面,43,43,1,②MR33,H1909175,Meraki,AccessPoint,0.4,,,,,,,棚,１本,※移設元ラックに機器無し
E24-S8-3,背面,40,42,3,①ONU,,Meraki,AccessPoint,0.4,,,,,,,棚,１本,※移設元ラックに機器無し
E24-S8-3,背面,42,42,1,③MR33,H1909174,Meraki,AccessPoint,0.4,,,,,,,棚,１本,※移設元ラックに機器無し
E24-S8-3,背面,41,41,1,④MR33,H1909176,,,,,,,,,,,,
E24-S8-3,背面,40,40,1,⑨MR32(1909154),,,,,,,,,,,,,
E24-S8-3,背面,39,39,1,棚板,,Meraki,Switch,1.3,,,,,,,棚,１本,※移設元ラックに機器無し
E24-S8-3,背面,39,39,1,MS120 S/N:Q2BX-FCGJ-F9GF,,Meraki,Switch,1.3,,,,,,,棚,１本,※移設元ラックに機器無し
E24-S8-3,背面,38,38,1,⑦MS2203,H1909161,Meraki,Switch,1.3,,,,,,,棚,１本,※移設元ラックに機器無し
E24-S8-3,背面,38,38,1,⑧MS2203,H1909162,Meraki,Switch,1.3,,,,,,,棚,１本,※移設元ラックに機器無し
E24-S8-3,背面,37,37,1,棚板,,Meraki,AccessPoint,0.5,,,,,,,棚,１本,※移設元ラックに機器無し
E24-S8-3,背面,34,35,2,HuaweiCE8860,H1703068,,Server,10,100,1,100V 20A （1） / 100V 20A （2）,1 / 1,1 / 1,200,〇,,
E24-S8-3,背面,33,33,1,Cisco Catalyst2960S,H1010126,,Server,5,100,1,100V 20A （2）,0.5,1,50,前留,,※移設元ラックに機器無し
E24-S8-3,背面,32,32,1,⑩Edge610,H2115654,,,,,,,,,,,,
E24-S8-3,背面,32,32,1,⑬Edge620,H2115657,,,,,,,,,,,,
E24-S8-3,背面,31,31,1,⑪Edge610,H2115655,VMWare,SDWAN,1.3,100,1,100V 20A （2）,0.26,1,26,棚,１本,2022/12 取り外し
E24-S8-3,背面,31,31,1,⑭Edge610 LTE,H2115658,VMWare,SDWAN,1.3,100,1,100V 20A （2）,0.26,1,26,棚,１本,2022/12 取り外し
E24-S8-3,背面,30,30,1,⑫Edge620,H2115656,VMWare,SDWAN,1.3,100,1,100V 20A （2）,0.26,1,26,棚,１本,2022/12 取り外し
E24-S8-3,背面,30,30,1,⑮Edge610 LTE,H2115659,VMWare,SDWAN,1.3,100,1,100V 20A （2）,0.26,1,26,棚,１本,2022/12 取り外し
E24-S8-3,背面,29,29,1,棚板,,,,,,,,,,,,,
E24-S8-3,背面,26,26,1,DELLEMC R630-1,H1600791,,,,,,,,,,,,
E24-S8-3,背面,24,24,1,Lj字アングル,,,,,,,,,,,,,
E24-S8-3,背面,23,23,1,Dell S4148F-1,H2110083,,,4.5,100,2,100V 20A （1） / 100V 20A （2）,0.5 / 0.5,1 / 1,,〇,,
E24-S8-3,背面,22,22,1,Dell S4148F-2,H2110082,,,4.5,100,2,100V 20A （1） / 100V 20A （2）,0.5 / 0.5,1 / 1,,〇,,
E24-S8-3,背面,20,20,1,DELLEMC R640-1,H1714830,,,,,,,,,,,,
E24-S8-3,背面,18,18,1,DELLEMC R640-3,H1709323,,,,,,,,,,,,
E24-S8-3,背面,17,18,2,DELLEMC R640-4,H1714609,,,,,,,,,,,,
E24-S8-3,背面,16,16,1,DELLEMC R640-5,H1709321,,,,,,,,,,,,
E24-S8-3,背面,8,11,4,引き出し①　背面,,,,,,,,,,,,,
E24-S8-3,背面,6,7,2,引き出し②　背面,,,,,,,,,,,,,
E24-S8-3,背面,1,3,3,使用不可,,,,,,,,,,,,,
E24-S8-4,前面,47,47,1,ｹｰﾌﾞﾙﾏﾈｰｼﾞﾒﾝﾄ,,,,,,,,,,,,,
E24-S8-4,前面,46,46,1,UTP 12port PatchPnael(前面),,,,,,,,,,,,,
E24-S8-4,前面,42,42,1,Catalyst 2950,H0700847,検証System,スイッチ,3,100,1,100V 20A （1）,0.2,1,20,前留,,
E24-S8-4,前面,37,37,1,Cisco UCS,H1608827,,Server,9,100,2,100V 20A （2）,3,2,300,○,,ラックマウント
E24-S8-4,前面,36,36,1,Cisco UCS,H1608826,,Server,9,100,2,100V 20A （1）,3,2,300,○,,ラックマウント
E24-S8-4,前面,35,35,1,Cisco UCS,H1608825,,Server,9,100,2,100V 20A （2）,3,2,300,○,,ラックマウント
E24-S8-4,前面,29,29,1,棚板,,,,,,,,,,,,,
E24-S8-4,前面,28,28,1,DELL EMC S4128T,H1902246,,スイッチ,9.5,100,1,100V 20A （1）,2.5,1,300,○,,ラックマウント 7/7電源接続変更
E24-S8-4,前面,25,25,1,Cisco 2511,H1909150,検証System,ルータ,4,100,1,100V 20A （2）,0.4,1,40,○,,
E24-S8-4,前面,24,24,1,Catalyst 2950,H0700846,検証System,スイッチ,3,100,1,,,,,○,,
E24-S8-4,前面,22,22,1,Catalyst Edge C8200-1N-4T,H2310061,,,4.54,100,1,100V 20A （1）,1,1,100,○,,
E24-S8-4,前面,21,21,1,棚板,,検証System,ルータ,1.4,100,1,100V 20A （1）,1,1,100,①,,
E24-S8-4,前面,20,20,1,②ASA5506-X,H2101465,検証System,ルータ,3.18,5,1,100V 20A （2）,3.6,1,18,②,,
E24-S8-4,前面,20,20,1,①FPR-1000 series,H2105553,検証System,ルータ,3.18,5,1,100V 20A （2）,3.6,1,18,②,,
E24-S8-4,前面,19,19,1,Catalyst Edge C8300-1N1S-6T,H2310062,,,9,100,1,100V 20A （2）,0.82,1,82,○,,
E24-S8-4,前面,18,18,1,棚板,,,,,,,,,,,,,
E24-S8-4,前面,17,17,1,UCS C200 M2,H1208315,検証System,サーバ,17.2,100,1,100V 20A （2）,4,1,400,棚,1,
E24-S8-4,前面,16,16,1,棚板,,,,,,,,,,,,,
E24-S8-4,前面,16,16,1,UCS C220 M3,H1505786,,,,,,,,,,,,
E24-S8-4,前面,14,14,1,棚板,,,,,,,,,,,,,
E24-S8-4,前面,13,13,1,Catalyst 9300 48,H1707966,,,7.4,100,1,100V 20A （1）,4,1,400,棚,1本,
E24-S8-4,前面,12,12,1,棚板,,,,7.4,100,1,100V 20A （2）,4,1,400,棚,1本,
E24-S8-4,前面,12,12,1,Catalyst 9300 48,H1808658,,,7.4,100,1,100V 20A （2）,4,1,400,棚,1本,
E24-S8-4,前面,8,8,1,CE6870-48S6CQ-EI,H1703070,,,,,,,,,,,,
E24-S8-4,前面,1,3,3,使用不可,,,,,,,,,,,,,
E24-S8-4,背面,47,47,1,ｹｰﾌﾞﾙﾏﾈｰｼﾞﾒﾝﾄ（背面）,,,,,,,,,,,,,
E24-S8-4,背面,46,46,1,UTP 12port PatchPnael(前面),,,,,,,,,,,,,
E24-S8-4,背面,42,42,1,Catalyst 2950,H0700847,,,,,,,,,,,,
E24-S8-4,背面,38,38,1,Dorado,,,,,,,,,,,,,
E24-S8-4,背面,37,37,1,Cisco UCS,H1608827,,,,,,,,,,,,
E24-S8-4,背面,36,36,1,Cisco UCS,H1608826,,,,,,,,,,,,
E24-S8-4,背面,35,35,1,Cisco UCS,H1608825,,,,,,,,,,,,
E24-S8-4,背面,29,29,1,棚板,,,,,,,,,,,,,
E24-S8-4,背面,29,29,1,棚板,,,,,,,,,,,,,
E24-S8-4,背面,28,28,1,DELL EMC S4128T,H1902246,,,,,,,,,,,,
E24-S8-4,背面,25,25,1,Cisco 2511,H1909150,,,,,,,,,,,,
E24-S8-4,背面,24,24,1,Catalyst 2950,H0700846,,,,,,,,,,,,
E24-S8-4,背面,22,22,1,Catalyst Edge C8200-1N-4T,H2310061,,,,,,,,,,,,
E24-S8-4,背面,21,21,1,棚板,,,,,,,,,,,,,
E24-S8-4,背面,21,21,1,棚板,,,,,,,,,,,,,
E24-S8-4,背面,20,20,1,ASA5506-X,H2101465,,,,,,,,,,,,
E24-S8-4,背面,20,20,1,FPR-1000 series,H2105553,,,,,,,,,,,,
E24-S8-4,背面,19,19,1,Catalyst Edge C8300-1N1S-6T,H2310062,,,,,,,,,,,,
E24-S8-4,背面,18,18,1,棚板,,,,,,,,,,,,,
E24-S8-4,背面,18,18,1,棚板,,,,,,,,,,,,,
E24-S8-4,背面,17,17,1,UCS C200 M2,H1208315,,,,,,,,,,,,
E24-S8-4,背面,16,16,1,棚板,,,,,,,,,,,,,
E24-S8-4,背面,16,16,1,棚板,,,,,,,,,,,,,
E24-S8-4,背面,16,16,1,UCS C220 M3,H1505786,,,,,,,,,,,,
E24-S8-4,背面,14,14,1,棚板,,,,,,,,,,,,,
E24-S8-4,背面,14,14,1,棚板,,,,,,,,,,,,,
E24-S8-4,背面,13,13,1,Catalyst 9300 48,H1707966,,,,,,,,,,,,
E24-S8-4,背面,12,12,1,棚板,,,,,,,,,,,,,
E24-S8-4,背面,12,12,1,棚板,,,,,,,,,,,,,
E24-S8-4,背面,12,12,1,Catalyst 9300 48,H1808658,,,,,,,,,,,,
E24-S8-4,背面,8,8,1,CE6870-48S6CQ-EI,H1703070,,,,,,,,,,,,
E24-S8-4,背面,1,3,3,使用不可,,,,,,,,,,,,,
E24-S8-5,前面,47,47,1,ｹｰﾌﾞﾙﾏﾈｰｼﾞﾒﾝﾄ,,,,,,,,,,,,,
E24-S8-5,前面,46,46,1,UTP 12port PatchPnael(前面),,,,,,,,,,,,,
E24-S8-5,前面,33,33,1,Catalyst9300,H1808621,,,,,,,,,,,,
E24-S8-5,前面,32,32,1,S4048-ON(),,,,24,100,1,100V 20A （2）,4,1,400,〇,,
E24-S8-5,前面,30,31,2,S4048-ON(),,,,8.4,100,1,100V 20A （1）,1,1,100,,,
E24-S8-5,前面,19,19,1,XC640,H1813868,,,21.9,100,1,100V 20A （1）,2,2,200,,,
E24-S8-5,前面,18,18,1,XC640,H1813867,,,21.9,100,1,100V 20A （2）,2,2,200,,,
E24-S8-5,前面,17,17,1,XC640,H1815865,,,21.9,100,1,100V 20A （1）,2,2,200,,,
E24-S8-5,前面,15,15,1,XC450,H2309517,,HCI,10,100,2,100V 20A （2）,1.5,2,150,,,
E24-S8-5,前面,14,14,1,XC450,H2309518,,HCI,10,100,2,100V 20A （2）,1.5,2,150,〇,,
E24-S8-5,前面,13,13,1,XC450,H2309519,,HCI,10,100,2,100V 20A （1）,1.5,2,150,,,
E24-S8-5,前面,10,11,2,PowerProtect DD3300,H2309516,,Storage,20,100,2,100V 20A （1）,2,2,200,,,
E24-S8-5,前面,1,3,3,使用不可,,,,,,,,,,,,,
E24-S8-5,背面,47,47,1,ｹｰﾌﾞﾙﾏﾈｰｼﾞﾒﾝﾄ（背面）,,,,,,,,,,,,,
E24-S8-5,背面,46,46,1,UTP 12port PatchPnael(背面),,,,,,,,,,,,,
E24-S8-5,背面,33,33,1,Catalyst9300,H1808621,,,,,,,,,,,,
E24-S8-5,背面,32,32,1,S4048-ON(),,,,,,,,,,,,,
E24-S8-5,背面,30,31,2,S4048-ON(),,,,,,,,,,,,,
E24-S8-5,背面,21,22,2,Power Edge660,H2401555,,,,,,,,,,,,
E24-S8-5,背面,19,19,1,XC640,H1813868,,,,,,,,,,,,
E24-S8-5,背面,18,18,1,XC640,H1813867,,,,,,,,,,,,
E24-S8-5,背面,17,17,1,XC640,H1815885,,,,,,,,,,,,
E24-S8-5,背面,15,15,1,XC450,H23099517,,,,,,,,,,,,
E24-S8-5,背面,14,14,1,XC450,H23099518,,,,,,,,,,,,
E24-S8-5,背面,13,13,1,XC450,H23099519,,,,,,,,,,,,
E24-S8-5,背面,10,11,2,DD3300,H2309516,,,,,,,,,,,,
E24-S8-5,背面,1,3,3,使用不可,,,,,,,,,,,,,
E24-S6-1,前面,47,47,1,ｹｰﾌﾞﾙﾏﾈｰｼﾞﾒﾝﾄ,,,,,,,,,,,,,
E24-S6-1,前面,46,46,1,UTP 12port PatchPnael(前面),,,,,,,,,,,,,
E24-S6-1,前面,26,26,1,C9300,H1707967,,,7.4,100,1,100V 20A （1）,4,1,400,○,,
E24-S6-1,前面,25,25,1,C9300,H1707965,,,7.4,100,1,100V 20A （2）,4,1,400,○,,
E24-S6-1,前面,21,21,1,XC660,H2413137,Nutanix,,9.5,100,1,100V 20A （1）,3,2,300,○,,
E24-S6-1,前面,20,20,1,XC660,H2413138,Nutanix,,9.5,100,1,100V 20A （1）,3,2,300,○,,
E24-S6-1,前面,19,19,1,XC660,H2413139,Nutanix,,9.5,100,1,100V 20A （1）,3,2,300,○,,
E24-S6-1,前面,17,17,1,XC430,H1607661,Nutanix,,9.5,100,2,100V 20A （2）,3,2,300,○,,
E24-S6-1,前面,16,16,1,XC430,H1607943,Nutanix,,9.5,,,,,,,○,,電源オフ
E24-S6-1,前面,15,15,1,XC430,H1607945,Nutanix,,9.5,100,2,100V 20A （2）,3,2,300,○,,
E24-S6-1,前面,14,14,1,XC430,H1607944,Nutanix,,9.5,,,,,,,○,,電源オフ
E24-S6-1,前面,13,13,1,CE6810,H1703076,,,,,,,,,,○,,
E24-S6-1,前面,12,12,1,S4128F,H1902243,Nutanix,,9,100,1,100V 20A （2）,1.6,1,260,○,,
E24-S6-1,前面,5,8,4,Precision 7960 Tower,H2509430,,,,,,,,,,,,
E24-S6-1,前面,2,4,3,使用不可,,,,,,,,,,,,,
E24-S6-1,背面,47,47,1,UTP 12port PatchPnael(背面),,,,,,,,,,,,,
E24-S6-1,背面,27,27,1,C9300,H1707967,,,,,,,,,,,,
E24-S6-1,背面,26,26,1,C9300,H1707965,,,,,,,,,,,,
E24-S6-1,背面,24,24,1,DNA CENTER,H1808620,,,,,,,,,,,,
E24-S6-1,背面,21,21,1,XC660,H2413137,,,,,,,,,,,,
E24-S6-1,背面,20,20,1,XC660,H2413138,,,,,,,,,,,,
E24-S6-1,背面,19,19,1,XC660,H2413139,,,,,,,,,,,,
E24-S6-1,背面,17,17,1,XC430,H1607661,,,,,,,,,,,,
E24-S6-1,背面,16,16,1,XC430,H1607943,,,,,,,,,,,,
E24-S6-1,背面,15,15,1,XC430,H1607945,,,,,,,,,,,,
E24-S6-1,背面,14,14,1,XC430,H1607944,,,,,,,,,,,,
E24-S6-1,背面,13,13,1,CE6810,H1703076,,,,,,,,,,,,
E24-S6-1,背面,12,12,1,S4128F,H1902243,,,,,,,,,,,,
E24-S6-1,背面,2,4,3,使用不可,,,,,,,,,,,,,
